"URL | Name"|"# of 
locations"|States
"http://supermarketpage.com/supermarkets/114-Grocery-Deli-Incorporated-15093.htm | 114 Grocery & Deli Incorporated"|1|NY|
"http://supermarketpage.com/supermarkets/1st-Oriental-Supermarket-6788.htm | 1st Oriental Supermarket"|2|FL|
"http://supermarketpage.com/supermarkets/A-A-Fine-Foods-23408.htm | A & A Fine Foods"|1|NJ|
"http://supermarketpage.com/supermarkets/A-G-Fine-Foods-Incorporated-15960.htm | A & G Fine Foods Incorporated"|1||
"http://supermarketpage.com/supermarkets/A-P-Food-Stores-19068.htm | A & P Food Stores"|109|CT, DE, GA, IL, IN, LA, MD, MS, NC, NH, NJ, NY, PA, TX|
"http://supermarketpage.com/supermarkets/A-G-Ferrari-Foods-13347.htm | A G Ferrari Foods"|4|CA|
"http://supermarketpage.com/supermarkets/Acme-Markets-3341.htm | Acme Markets"|165|DE, MD, NJ, OH, PA, VA|
"http://supermarketpage.com/supermarkets/African-and-Caribbean-Supermarket-17519.htm | African and Caribbean Supermarket"|2|UT|
"http://supermarketpage.com/supermarkets/AG-Ferrari-Foods-22239.htm | AG Ferrari Foods"|5|CA|
"http://supermarketpage.com/supermarkets/Agro-Foods-4319.htm | Agro Foods"|2|FL|
"http://supermarketpage.com/supermarkets/Aguada-Supermarket-Incorporated-15421.htm | Aguada Supermarket Incorporated"|3|NY|
"http://supermarketpage.com/supermarkets/Ajs-Fine-Foods-11444.htm | Ajs Fine Foods"|10|AZ|
"http://supermarketpage.com/supermarkets/Akins-Natural-Food-21930.htm | Akins Natural Food"|10|KS, MO, NE, OK|
"http://supermarketpage.com/supermarkets/AL-James-Foods-6612.htm | AL & James Foods"|3|MN, OK|
"http://supermarketpage.com/supermarkets/Als-Supermarket-2284.htm | Al's Supermarket"|5|FL, IN|
"http://supermarketpage.com/supermarkets/Albertsons-4524.htm | Albertsons"|979|AR, AZ, CA, CO, DE, FL, GA, ID, IL, IN, KS, LA, MD, MO, MT, ND, NE, NJ, NM, NV, NY, OK, OR, PA, TN, TX, UT, WA, WY|
"http://supermarketpage.com/supermarkets/ALDI-631.htm | ALDI"|856|AL, AR, CT, GA, IA, IL, IN, KS, KY, MD, MI, MN, MO, MS, NC, NE, NJ, NY, OH, OK, PA, RI, SC, TN, VA, VT, WI, WV|
"http://supermarketpage.com/supermarkets/All-American-Foods-14750.htm | All American Foods"|6|GA, MA, MN, WI|
"http://supermarketpage.com/supermarkets/American-Foods-Group-22170.htm | American Foods Group"|5|MN, OH, WI|
"http://supermarketpage.com/supermarkets/American-Supermarket-937.htm | American Supermarket"|2|AL, NJ|
"http://supermarketpage.com/supermarkets/Americold-Logistics-8739.htm | Americold Logistics"|1|OR|
"http://supermarketpage.com/supermarkets/Ameriqual-Foods-Inc.-18330.htm | Ameriqual Foods Inc."|1|IN|
"http://supermarketpage.com/supermarkets/Ameristop-Food-Mart-22509.htm | Ameristop Food Mart"|3|OH|
"http://supermarketpage.com/supermarkets/Amish-Market-Atlas-Park-15450.htm | Amish Market Atlas Park"|3|NY|
"http://supermarketpage.com/supermarkets/Ammons-Supermarket-LLC-19749.htm | Ammons Supermarket LLC"|2|NJ|
"http://supermarketpage.com/supermarkets/Anderson-Supermarket-23371.htm | Anderson Supermarket"|2||
"http://supermarketpage.com/supermarkets/Andys-Iga-Foodliner-17386.htm | Andys Iga Foodliner"|3|ME|
"http://supermarketpage.com/supermarkets/Anshas-West-Indian-Supermarket-6956.htm | Anshas West Indian Supermarket"|2|FL|
"http://supermarketpage.com/supermarkets/Apna-Bazaar-9472.htm | Apna Bazaar"|5|CA, NY, TX|
"http://supermarketpage.com/supermarkets/Apples-Supermarket-8108.htm | Apples Supermarket"|2|OH|
"http://supermarketpage.com/supermarkets/Arck-Foods-6449.htm | Arck Foods"|3|NE|
"http://supermarketpage.com/supermarkets/Arena-Supermarket-4352.htm | Arena Supermarket"|1|FL|
"http://supermarketpage.com/supermarkets/Arends-Family-Foods-6431.htm | Arends Family Foods"|2|NE|
"http://supermarketpage.com/supermarkets/Aria-Foods-21157.htm | Aria Foods"|4|NJ|
"http://supermarketpage.com/supermarkets/Arley-Country-Supermarket-1106.htm | Arley Country Supermarket"|1|AL|
"http://supermarketpage.com/supermarkets/Armandos-Supermarket-19570.htm | Armando's Supermarket"|3|FL, IL|
"http://supermarketpage.com/supermarkets/Arteagas-Starlite-Supermarket-21774.htm | Arteaga's Starlite Supermarket"|6|CA|
"http://supermarketpage.com/supermarkets/Artel-Supermarket-22923.htm | Artel Supermarket"|1|FL|
"http://supermarketpage.com/supermarkets/Associated-Food-Stores-9353.htm | Associated Food Stores"|71|NH, NJ, NY, WA|
"http://supermarketpage.com/supermarkets/Atkinsons-Market-1524.htm | Atkinsons Market"|2|ID|
"http://supermarketpage.com/supermarkets/Austin-Foods-15451.htm | Austin Foods"|7|IL, IN, NC, NY|
"http://supermarketpage.com/supermarkets/Azteca-Grocery-19433.htm | Azteca Grocery"|2||
"http://supermarketpage.com/supermarkets/Azteca-Mkt.-18882.htm | Azteca Mkt."|4|CA|
"http://supermarketpage.com/supermarkets/Azteco-Mkt.-10742.htm | Azteco Mkt."|1||
"http://supermarketpage.com/supermarkets/B-B-Foods-23556.htm | B & B Foods"|5|MT, TX|
"http://supermarketpage.com/supermarkets/B-F-Super-Foods-3888.htm | B & F Super Foods"|2|CO|
"http://supermarketpage.com/supermarkets/B-G-Foods-12467.htm | B & G Foods"|9|AR, DE, MD, ME, NJ, TN|
"http://supermarketpage.com/supermarkets/Babco-Foods-International-21155.htm | Babco Foods International"|2|NJ|
"http://supermarketpage.com/supermarkets/Bakers-6486.htm | Baker's"|12|NE|
"http://supermarketpage.com/supermarkets/Baldor-Speciality-Foods-15139.htm | Baldor Speciality Foods"|5|MA, NY|
"http://supermarketpage.com/supermarkets/Bar-S-Foods-11202.htm | Bar S Foods"|4|AZ, OK|
"http://supermarketpage.com/supermarkets/Baraboo-Sysco-Food-11809.htm | Baraboo Sysco Food"|1|WI|
"http://supermarketpage.com/supermarkets/Bashas-22344.htm | Bashas"|30|AZ|
"http://supermarketpage.com/supermarkets/Basic-American-Foods-14748.htm | Basic American Foods"|15|CA, ID, IL, MD, WA, WI|
"http://supermarketpage.com/supermarkets/Beit-Brothers-Supermarket-20177.htm | Beit Brothers Supermarket"|3|CT|
"http://supermarketpage.com/supermarkets/Bel-Air-Supermarkets-21848.htm | Bel Air Supermarkets"|7|CA|
"http://supermarketpage.com/supermarkets/Ben-E-Keith-Foods-18837.htm | Ben E Keith Foods"|11|AR, KS, LA, OK, TN, TX|
"http://supermarketpage.com/supermarkets/Benders-Foods-11846.htm | Benders Foods"|3|IA, WI|
"http://supermarketpage.com/supermarkets/Benetti-Foods-13379.htm | Benetti Foods"|2|MN|
"http://supermarketpage.com/supermarkets/Berner-Foods-Incorporated-18649.htm | Berner Foods Incorporated"|2|IL|
"http://supermarketpage.com/supermarkets/Better-Brand-Foods-Inc.-19143.htm | Better Brand Foods Inc."|2|CA|
"http://supermarketpage.com/supermarkets/Bi-lo-Inc-22364.htm | Bi lo Inc"|29|AL, FL, GA, LA, NC, PA, SC, TN|
"http://supermarketpage.com/supermarkets/BI-Rite-Supermarket-7088.htm | BI Rite Supermarket"|7|MD, MI, OH, SC, TX|
"http://supermarketpage.com/supermarkets/Bi-Lo-22363.htm | Bi-Lo"|122|AL, GA, MT, NC, PA, SC, TN|
"http://supermarketpage.com/supermarkets/BI-Rite-Supermarket-14562.htm | BI-Rite Supermarket"|6|CA, NC, OH, OK, TX|
"http://supermarketpage.com/supermarkets/Big-Apple-Supermarket-5506.htm | Big Apple Supermarket"|3|NC, OH|
"http://supermarketpage.com/supermarkets/Big-Bear-Natural-Foods-2020.htm | Big Bear Natural Foods"|3|NJ, PA|
"http://supermarketpage.com/supermarkets/Big-M-11755.htm | Big M"|5|NY|
"http://supermarketpage.com/supermarkets/Big-Saver-Foods-22748.htm | Big Saver Foods"|14|CA|
"http://supermarketpage.com/supermarkets/Big-Sky-Premium-Meats-Specialty-Foods-6709.htm | Big Sky Premium Meats & Specialty Foods"|2|MT|
"http://supermarketpage.com/supermarkets/Big-Star-Grocery-13527.htm | Big Star Grocery"|1|MS|
"http://supermarketpage.com/supermarkets/Big-Star-Super-Market-20742.htm | Big Star Super Market"|11|AL, LA, MS, TN|
"http://supermarketpage.com/supermarkets/Big-Top-Supermarket-19739.htm | Big Top Supermarket"|2|FL|
"http://supermarketpage.com/supermarkets/Big-Town-Foods-5635.htm | Big Town Foods"|2|AL|
"http://supermarketpage.com/supermarkets/Big-Value-Super-Mkt.-20103.htm | Big Value Super Mkt."|1|CT|
"http://supermarketpage.com/supermarkets/Big-Y-Foods-10949.htm | Big Y Foods"|65|KY, MA|
"http://supermarketpage.com/supermarkets/Bil-Mar-Foods-23252.htm | Bil Mar Foods"|5|IA, TX|
"http://supermarketpage.com/supermarkets/Bill-Eileens-Market-19900.htm | Bill & Eileen's Market"|1|NJ|
"http://supermarketpage.com/supermarkets/Bill-Sons-Super-Market-1213.htm | Bill & Sons Super Market"|1|AL|
"http://supermarketpage.com/supermarkets/Bill-Martin-Foods-12445.htm | Bill Martin Foods"|3|TN|
"http://supermarketpage.com/supermarkets/Bills-Family-Foods-13288.htm | Bills Family Foods"|2|IA|
"http://supermarketpage.com/supermarkets/Bills-Shursave-Supermarket-10940.htm | Bills Shursave Supermarket"|4|PA|
"http://supermarketpage.com/supermarkets/Bills-Super-Market-11333.htm | Bills Super Market"|1|TX|
"http://supermarketpage.com/supermarkets/Billys-Quick-Stop-Farmers-Market-13565.htm | Billys Quick Stop & Farmers Market"|1|MS|
"http://supermarketpage.com/supermarkets/BJs-Wholesale-Club-17934.htm | BJ's Wholesale Club"|130|CT, DE, FL, GA, MA, MD, ME, NC, NH, NJ, NY, OH, OK, PA, RI, TN, VA|
"http://supermarketpage.com/supermarkets/Boardman-Foods-9305.htm | Boardman Foods"|5|OR, WA|
"http://supermarketpage.com/supermarkets/Bravo-Supermarket-6355.htm | Bravo Supermarket"|53|CT, FL, NJ, NY, PA, RI|
"http://supermarketpage.com/supermarkets/Breaux-Mart-Supermarket-8890.htm | Breaux Mart Supermarket"|9|LA|
"http://supermarketpage.com/supermarkets/Brookshire-Brothers-23310.htm | Brookshire Brothers"|112|AR, LA, MS, TX|
"http://supermarketpage.com/supermarkets/Brookville-Supermarket-3671.htm | Brookville Supermarket"|2|DC, MD|
"http://supermarketpage.com/supermarkets/Brothers-Supermarket-23403.htm | Brothers Supermarket"|9|FL, MA, MI, NJ|
"http://supermarketpage.com/supermarkets/Broughton-Foods-4198.htm | Broughton Foods"|11|OH, WV|
"http://supermarketpage.com/supermarkets/Broulims-Supermarket-17225.htm | Broulims Supermarket"|7|ID|
"http://supermarketpage.com/supermarkets/Broussards-Supermarket-Inc-1286.htm | Broussards Supermarket Inc"|4|LA, WA|
"http://supermarketpage.com/supermarkets/Bruce-Foods-Corporation-21752.htm | Bruce Foods Corporation"|4|LA, NC, TX|
"http://supermarketpage.com/supermarkets/Buche-Foods-11631.htm | Buche Foods"|3|SD|
"http://supermarketpage.com/supermarkets/Buehlers-Buy-Low-Supermarkets-18262.htm | Buehler's Buy-Low Supermarkets"|2|IN|
"http://supermarketpage.com/supermarkets/Bunge-Foods-17527.htm | Bunge Foods"|7|CA, IL, UT|
"http://supermarketpage.com/supermarkets/Buschs-Family-Supermarket-16076.htm | Buschs Family Supermarket"|4|MI|
"http://supermarketpage.com/supermarkets/Butera-Finer-Foods-19579.htm | Butera Finer Foods"|5|IL|
"http://supermarketpage.com/supermarkets/Buy-Rite-Foods-14524.htm | Buy Rite Foods"|2|FL, IA|
"http://supermarketpage.com/supermarkets/Buy-Rite-Supermarket-19416.htm | Buy Rite Supermarket"|3|NJ, NY|
"http://supermarketpage.com/supermarkets/Bybee-Foods-LLC-9360.htm | Bybee Foods LLC"|2|WA|
"http://supermarketpage.com/supermarkets/C-R-Super-Market-21066.htm | C & R Super Market"|17|MO|
"http://supermarketpage.com/supermarkets/C-Town-8505.htm | C Town"|106|CT, IL, MA, NJ, NY, OH, PA|
"http://supermarketpage.com/supermarkets/Cal-Maine-Foods-22982.htm | Cal Maine Foods"|20|AR, GA, KY, LA, MS, NC, NM, OH, SC, TX|
"http://supermarketpage.com/supermarkets/Cala-Foods-Inc-7582.htm | Cala Foods Inc"|2|CA|
"http://supermarketpage.com/supermarkets/Calderon-Market-12642.htm | Calderon Market"|2|MA|
"http://supermarketpage.com/supermarkets/California-Creative-Foods-16402.htm | California Creative Foods"|2|CA|
"http://supermarketpage.com/supermarkets/California-Custom-Foods-14707.htm | California Custom Foods"|2||
"http://supermarketpage.com/supermarkets/California-Family-Foods-10147.htm | California Family Foods"|3||
"http://supermarketpage.com/supermarkets/Cardenas-Foods-20233.htm | Cardenas Foods"|14|FL|
"http://supermarketpage.com/supermarkets/Carrolls-Foods-Incorporated-17957.htm | Carrolls Foods Incorporated"|44|IA, NC, VA|
"http://supermarketpage.com/supermarkets/Carters-Supermarket-2322.htm | Carter's Supermarket"|3|IN, LA|
"http://supermarketpage.com/supermarkets/Cash-Wise-Foods-13627.htm | Cash Wise Foods"|10|MN, ND|
"http://supermarketpage.com/supermarkets/Cedar-Food-Market-12019.htm | Cedar Food Market"|8|NJ|
"http://supermarketpage.com/supermarkets/Centurion-Foods-LLC-16955.htm | Centurion Foods LLC"|6|GA|
"http://supermarketpage.com/supermarkets/Ceriello-Fine-Foods-15203.htm | Ceriello Fine Foods"|6|CT, MD, NJ, NY|
"http://supermarketpage.com/supermarkets/Certified-Grocers-of-III-14479.htm | Certified Grocers of III"|5|IL|
"http://supermarketpage.com/supermarkets/Chamberlins-Natural-Foods-20261.htm | Chamberlins Natural Foods"|5|FL|
"http://supermarketpage.com/supermarkets/Chavez-Supermarket-13344.htm | Chavez Supermarket"|8|CA|
"http://supermarketpage.com/supermarkets/Checo-Supermarket-1834.htm | Checo Supermarket"|2|NJ, NY|
"http://supermarketpage.com/supermarkets/Chestertown-Natural-Foods-7329.htm | Chestertown Natural Foods"|3|MD|
"http://supermarketpage.com/supermarkets/Chief-Supermarkets-7752.htm | Chief Supermarkets"|11|OH|
"http://supermarketpage.com/supermarkets/City-Market-4496.htm | City Market"|60|CA, CO, DC, FL, GA, IA, ID, KY, MD, MI, MN, MO, NC, NJ, NM, NY, OR, TN, TX, UT, VA, WA, WI, WY|
"http://supermarketpage.com/supermarkets/Costco-11847.htm | Costco"|662|AK, AL, AZ, CA, CO, CT, DE, FL, GA, HI, IA, ID, IL, IN, KS, KY, MA, MD, MI, MN, MO, MT, NC, NE, NH, NJ, NM, NV, NY, OH, OR, PA, SC, TN, TX, UT, VA, VT, WA, WI|
"http://supermarketpage.com/supermarkets/County-Market-14778.htm | County Market"|37|AR, IA, IL, IN, LA, MN, MS, MT, PA, WI|
"http://supermarketpage.com/supermarkets/Crowley-Foods-3368.htm | Crowley Foods"|9|NY, VA|
"http://supermarketpage.com/supermarkets/Ctown-15479.htm | Ctown"|4|NY|
"http://supermarketpage.com/supermarkets/Cub-Foods-22198.htm | Cub Foods"|66|GA, IA, IL, MN, OH, WI|
"http://supermarketpage.com/supermarkets/Culloden-Independent-Supermarket-4181.htm | Culloden Independent Supermarket"|2|WV|
"http://supermarketpage.com/supermarkets/Culloden-Independent-Supermarket-Route-60-4211.htm | Culloden Independent Supermarket Route 60"|1||
"http://supermarketpage.com/supermarkets/Cumberland-Farms-12175.htm | Cumberland Farms"|14|CT, FL, MA, NY, PA|
"http://supermarketpage.com/supermarkets/D-B-Foods-8989.htm | D & B Foods"|2|IA, MN|
"http://supermarketpage.com/supermarkets/D-D-Super-Mkt.-2264.htm | D & D Super Mkt."|2|IN|
"http://supermarketpage.com/supermarkets/D-J-Supermarket-Corp-4263.htm | D & J Supermarket Corp"|2|FL|
"http://supermarketpage.com/supermarkets/D-M-Family-Foods-3324.htm | D & M Family Foods"|4|KY|
"http://supermarketpage.com/supermarkets/D-M-Supermarket-3228.htm | D & M Supermarket"|2|CT, MI|
"http://supermarketpage.com/supermarkets/D-R-Market-23502.htm | D & R Market"|2|IN, MA|
"http://supermarketpage.com/supermarkets/D-Agostinos-Supermarket-21721.htm | D' Agostinos Supermarket"|24|NY|
"http://supermarketpage.com/supermarkets/Dabo-Foods-10466.htm | Dabo Foods"|3|OR|
"http://supermarketpage.com/supermarkets/Dahls-Foods-9738.htm | Dahls Foods"|9|IA|
"http://supermarketpage.com/supermarkets/Dakota-Natural-Foods-Inc-13405.htm | Dakota Natural Foods Inc"|5|MN|
"http://supermarketpage.com/supermarkets/Dannys-Fine-Foods-16043.htm | Danny's Fine Foods"|3|MI|
"http://supermarketpage.com/supermarkets/Dans-Super-Market-17578.htm | Dans Super Market"|12|ND, UT|
"http://supermarketpage.com/supermarkets/Dans-Supreme-Supermarket-15364.htm | Dans Supreme Supermarket"|5|NY|
"http://supermarketpage.com/supermarkets/Dash-Markets-14862.htm | Dash Markets"|4||
"http://supermarketpage.com/supermarkets/Daves-Supermarket-14759.htm | Dave's Supermarket"|16|IL, MO, NY, OH, PA, WI|
"http://supermarketpage.com/supermarkets/Davids-Supermarket-23309.htm | Davids Supermarket"|33|TX|
"http://supermarketpage.com/supermarkets/Davisco-Foods-11630.htm | Davisco Foods"|6|GA, MN, SD|
"http://supermarketpage.com/supermarkets/Dawn-Foods-8307.htm | Dawn Foods"|3|AR|
"http://supermarketpage.com/supermarkets/Daybreak-Foods-22193.htm | Daybreak Foods"|6|IA, MN, WA, WI|
"http://supermarketpage.com/supermarkets/Dean-Foods-22162.htm | Dean Foods"|29|IL, IN, KY, MA, MI, MN, OH, SD, VA, WI|
"http://supermarketpage.com/supermarkets/Delberts-Supermarket-11200.htm | Delberts Supermarket"|3|OK|
"http://supermarketpage.com/supermarkets/Demoulas-Supermarket-11588.htm | Demoulas Supermarket"|9|MA, NH|
"http://supermarketpage.com/supermarkets/Diamond-Crystal-Specialty-Foods-9736.htm | Diamond Crystal Specialty Foods"|3|IA|
"http://supermarketpage.com/supermarkets/Diamond-Supermarket-22545.htm | Diamond Supermarket"|8|NY, TX|
"http://supermarketpage.com/supermarkets/Dicks-Supermarket-11815.htm | Dicks Supermarket"|4|IA, WI|
"http://supermarketpage.com/supermarkets/Dillon-Stores-7662.htm | Dillon Stores"|60|KS, MO|
"http://supermarketpage.com/supermarkets/Dominicks-Finer-Foods-19605.htm | Dominick's Finer Foods"|68|CA, IL|
"http://supermarketpage.com/supermarkets/Donelans-Supermarket-23517.htm | Donelans Supermarket"|7|MA|
"http://supermarketpage.com/supermarkets/Dot-Foods-11163.htm | Dot Foods"|11|CA, ID, IL, IN, MO, NY, OK|
"http://supermarketpage.com/supermarkets/Dover-Super-Market-11893.htm | Dover Super Market"|3|AR, NJ|
"http://supermarketpage.com/supermarkets/Down-Home-Foods-7713.htm | Down Home Foods"|4|MN, OH|
"http://supermarketpage.com/supermarkets/Down-to-Earth-Natural-Foods-17550.htm | Down to Earth Natural Foods"|14|HI, MA, NY, OH, TX, UT|
"http://supermarketpage.com/supermarkets/Draegers-Supermarket-13356.htm | Draegers Supermarket"|4|CA|
"http://supermarketpage.com/supermarkets/Dubois-Super-Foods-4502.htm | Dubois Super Foods"|2|WY|
"http://supermarketpage.com/supermarkets/E-W-James-Sons-Supermarket-15842.htm | E W James & Sons Supermarket"|11|KY, TN|
"http://supermarketpage.com/supermarkets/Eagle-Supermarket-Corp.-12314.htm | Eagle Supermarket Corp."|2|OH|
"http://supermarketpage.com/supermarkets/Earthlight-Natural-Foods-12188.htm | Earthlight Natural Foods"|5|PA|
"http://supermarketpage.com/supermarkets/Eastern-Foods-2908.htm | Eastern Foods"|14|CA, CO, FL, GA, MN, MO, NC, NJ, OH, TN, TX, WA|
"http://supermarketpage.com/supermarkets/Eats-Natural-Foods-10347.htm | Eats Natural Foods"|6|VA|
"http://supermarketpage.com/supermarkets/Econo-Foods-22200.htm | Econo Foods"|22|IA, IL, MA, MN, ND, SD, WI|
"http://supermarketpage.com/supermarkets/El-Ahorro-14583.htm | El Ahorro"|6|FL, TX|
"http://supermarketpage.com/supermarkets/Everyday-23584.htm | Everyday"|4||
"http://supermarketpage.com/supermarkets/Excel-Supermarket-2677.htm | Excel Supermarket"|2|AL|
"http://supermarketpage.com/supermarkets/Extra-Supermarket-19419.htm | Extra Supermarket"|13|FL, NJ, NY|
"http://supermarketpage.com/supermarkets/Freal-Foods-22234.htm | F'real Foods"|2|CA|
"http://supermarketpage.com/supermarkets/Fairplay-Finer-Foods-17097.htm | Fairplay Finer Foods"|6|IL|
"http://supermarketpage.com/supermarkets/Fairway-Finer-Foods-14504.htm | Fairway Finer Foods"|1||
"http://supermarketpage.com/supermarkets/Fairway-Finer-Foods-Inc.-3954.htm | Fairway Finer Foods Inc."|1||
"http://supermarketpage.com/supermarkets/Fairway-Food-Market-9802.htm | Fairway Food Market"|1|NY|
"http://supermarketpage.com/supermarkets/Fairway-Foods-4748.htm | Fairway Foods"|5|GA, IL, MI|
"http://supermarketpage.com/supermarkets/Fairway-Foods-Inc.-22738.htm | Fairway Foods Inc."|1|CA|
"http://supermarketpage.com/supermarkets/Fairway-Wholesale-9839.htm | Fairway Wholesale"|6|NY|
"http://supermarketpage.com/supermarkets/Family-Fare-12554.htm | Family Fare"|21|MI|
"http://supermarketpage.com/supermarkets/Family-Foods-17465.htm | Family Foods"|44|AL, CA, CO, DC, FL, IA, IL, IN, KY, MA, MI, MN, NC, ND, NJ, NY, OH, SC, TX, UT|
"http://supermarketpage.com/supermarkets/Family-Fresh-Foods-14751.htm | Family Fresh Foods"|3|WI|
"http://supermarketpage.com/supermarkets/Fareway-Stores-Inc-6422.htm | Fareway Stores Inc"|9|IA, NE|
"http://supermarketpage.com/supermarkets/Farmers-Foods-17859.htm | Farmers Foods"|8|NC, VA|
"http://supermarketpage.com/supermarkets/Farmland-Foods-7548.htm | Farmland Foods"|19|AZ, IA, IL, MA, MN, MO, NE, OH, TX, WI|
"http://supermarketpage.com/supermarkets/Fas-Check-Supermarket-4240.htm | Fas Check Supermarket"|10|WV|
"http://supermarketpage.com/supermarkets/Fast-Lane-Foods-16567.htm | Fast Lane Foods"|6|GA, IN|
"http://supermarketpage.com/supermarkets/Fast-Track-Foods-5865.htm | Fast Track Foods"|16|FL, GA, NC|
"http://supermarketpage.com/supermarkets/Fastee-Foods-8232.htm | Fastee Foods"|3|GA|
"http://supermarketpage.com/supermarkets/Fastop-Foods-Inc-20896.htm | Fastop Foods Inc"|3|CA, TX|
"http://supermarketpage.com/supermarkets/Fastpak-Foods-5251.htm | Fastpak Foods"|4|LA|
"http://supermarketpage.com/supermarkets/Fastrip-Food-Store-22733.htm | Fastrip Food Store"|3|CA|
"http://supermarketpage.com/supermarkets/Festival-Foods-22227.htm | Festival Foods"|21|FL, MI, MN, MO, PA, WI|
"http://supermarketpage.com/supermarkets/Fiesta-Foods-9351.htm | Fiesta Foods"|15|CA, FL, IA, NE, SD, WA|
"http://supermarketpage.com/supermarkets/Fine-Fair-Supermarket-2028.htm | Fine Fair Supermarket"|36|NJ, NY, PA|
"http://supermarketpage.com/supermarkets/Flash-Foods-23564.htm | Flash Foods"|133|FL, GA|
"http://supermarketpage.com/supermarkets/Fleck-Foods-Inc-7390.htm | Fleck Foods Inc"|2|PA|
"http://supermarketpage.com/supermarkets/Floyds-Supermarket-18979.htm | Floyds Supermarket"|3|AL, KS, KY|
"http://supermarketpage.com/supermarkets/Food-4-Less-10460.htm | Food 4 Less"|175|AL, CA, FL, IL, IN, MI, MO, NE, NJ, NV, OH, OR|
"http://supermarketpage.com/supermarkets/Food-Bag-19398.htm | Food Bag"|3|CT, NY|
"http://supermarketpage.com/supermarkets/Food-Basket-5487.htm | Food Basket"|5|NH, NY, TX|
"http://supermarketpage.com/supermarkets/Food-City-17631.htm | Food City"|32|AZ, FL, KY, MA, ME, NC, NY, OH, TN, VA, VT|
"http://supermarketpage.com/supermarkets/Food-Emporium-7939.htm | Food Emporium"|32|CT, MI, NJ, NY, WA|
"http://supermarketpage.com/supermarkets/Food-Express-21120.htm | Food Express"|2|CA, NJ|
"http://supermarketpage.com/supermarkets/Food-Fair-13885.htm | Food Fair"|5|IN, KS, KY, MO, VA|
"http://supermarketpage.com/supermarkets/Food-Giant-3263.htm | Food Giant"|10|AL, AR, CA, FL, KY, MO|
"http://supermarketpage.com/supermarkets/Food-Lion-4237.htm | Food Lion"|1238|DE, FL, GA, KY, MA, MD, NC, PA, SC, TN, TX, VA, WV|
"http://supermarketpage.com/supermarkets/Food-Roundup-Supermarket-6721.htm | Food Roundup Supermarket"|3|MT|
"http://supermarketpage.com/supermarkets/Food-World-17589.htm | Food World"|10|AL, KY, NY, TX, UT|
"http://supermarketpage.com/supermarkets/Foodarama-Supermarkets-15978.htm | Foodarama Supermarkets"|4|MD, NJ|
"http://supermarketpage.com/supermarkets/Foodland-4231.htm | Foodland"|13|AL, HI, IL, KY, MA, NY, PA, TX, WV|
"http://supermarketpage.com/supermarkets/Foodmart-20055.htm | Foodmart"|1|CT|
"http://supermarketpage.com/supermarkets/Foodmaster-Supermarket-17252.htm | Foodmaster Supermarket"|13|MA|
"http://supermarketpage.com/supermarkets/Foodmax-5721.htm | Foodmax"|9|AL, CA, GA, KY, MS, NC|
"http://supermarketpage.com/supermarkets/Foodsco-21818.htm | Foodsco"|19|CA|
"http://supermarketpage.com/supermarkets/Foodtown-7546.htm | Foodtown"|114|AZ, CA, FL, IL, KY, LA, MI, NE, NJ, NM, NV, NY, OH, TN, TX, WI|
"http://supermarketpage.com/supermarkets/Foodway-Supermarket-10264.htm | Foodway Supermarket"|2|TX, VA|
"http://supermarketpage.com/supermarkets/Francescos-Fabulous-Foods-LLC-1093.htm | Francescos Fabulous Foods LLC"|2|CT|
"http://supermarketpage.com/supermarkets/Franjo-Supermarket-4484.htm | Franjo Supermarket"|2|FL|
"http://supermarketpage.com/supermarkets/Franks-Mkt.-18024.htm | Frank's Mkt."|3|CA|
"http://supermarketpage.com/supermarkets/Fred-Meyer-17657.htm | Fred Meyer"|102|AK, ID, KY, MN, OR, PA, WA|
"http://supermarketpage.com/supermarkets/Freedom-Foods-22206.htm | Freedom Foods"|5|MA, OH, WI|
"http://supermarketpage.com/supermarkets/Freeland-Foods-13362.htm | Freeland Foods"|3|CA|
"http://supermarketpage.com/supermarkets/Fresh-and-Easy-Neighborhood-22767.htm | Fresh and Easy Neighborhood"|6||
"http://supermarketpage.com/supermarkets/Fresh-And-Natural-Foods-16460.htm | Fresh And Natural Foods"|2|MN|
"http://supermarketpage.com/supermarkets/Fresh-Pride-Supermarkets-17951.htm | Fresh Pride Supermarkets"|14|MD, VA|
"http://supermarketpage.com/supermarkets/Friendly-Foods-3163.htm | Friendly Foods"|17|FL, GA, IL, IN, LA, MD, ME, NY, OK, TX, WA, WI|
"http://supermarketpage.com/supermarkets/Frontera-Foods-4703.htm | Frontera Foods"|3|CO, IL|
"http://supermarketpage.com/supermarkets/Frys-Food-Stores-8500.htm | Frys Food Stores"|75|AZ, VT|
"http://supermarketpage.com/supermarkets/Furrs-Supermarket-21763.htm | Furrs Supermarket"|4|NM, TX|
"http://supermarketpage.com/supermarkets/G-G-Supermarket-14413.htm | G & G Supermarket"|2|CA|
"http://supermarketpage.com/supermarkets/G-W-Foods-10994.htm | G & W Foods"|18|KS, MO|
"http://supermarketpage.com/supermarkets/G-U-Family-Market-10008.htm | G U Family Market"|6|NY|
"http://supermarketpage.com/supermarkets/Gabriels-Super-Mkt-9917.htm | Gabriels Super Mkt"|2||
"http://supermarketpage.com/supermarkets/Garcias-Supermarket-19428.htm | Garcias Supermarket"|3||
"http://supermarketpage.com/supermarkets/Geisslers-Super-Mkt.-7524.htm | Geissler's Super Mkt."|7|CT, MA|
"http://supermarketpage.com/supermarkets/Genes-Heartland-Foods-17310.htm | Gene's Heartland Foods"|3|KS|
"http://supermarketpage.com/supermarkets/Genuardis-12286.htm | Genuardis"|24|NJ, PA|
"http://supermarketpage.com/supermarkets/Gerritys-10951.htm | Gerritys"|10||
"http://supermarketpage.com/supermarkets/Geyers-Fresh-Foods-19410.htm | Geyers Fresh Foods"|6|OH|
"http://supermarketpage.com/supermarkets/Giant-Eagle-4233.htm | Giant Eagle"|240|KY, MD, OH, PA, WI, WV|
"http://supermarketpage.com/supermarkets/Giant-Food-13956.htm | Giant Food"|93|DC, DE, MD, VA|
"http://supermarketpage.com/supermarkets/Giant-Food-Store-15064.htm | Giant Food Store"|28|PA|
"http://supermarketpage.com/supermarkets/Giant-Markets-Inc-11782.htm | Giant Markets Inc"|6|NY|
"http://supermarketpage.com/supermarkets/Glory-Supermarket-4752.htm | Glory Supermarket"|5|MI|
"http://supermarketpage.com/supermarkets/Goodings-Supermarkets-6950.htm | Goodings Supermarkets"|4|FL|
"http://supermarketpage.com/supermarkets/Grand-Union-Co-19468.htm | Grand Union Co"|11|CT, MA, NY, VT|
"http://supermarketpage.com/supermarkets/Grants-Supermarket-4148.htm | Grants Supermarket"|7|NH, VA, WV|
"http://supermarketpage.com/supermarkets/Grauls-Market-7375.htm | Grauls Market"|5|MD|
"http://supermarketpage.com/supermarkets/Gristedes-21878.htm | Gristedes"|37|NY|
"http://supermarketpage.com/supermarkets/Grocery-Fox-6375.htm | Grocery Fox"|2|RI|
"http://supermarketpage.com/supermarkets/Gruma-Mission-Foods-2913.htm | Gruma Mission Foods"|6|CA, TX, WA|
"http://supermarketpage.com/supermarkets/Guadalajara-Supermarket-20356.htm | Guadalajara Supermarket"|4|GA, IL, SC|
"http://supermarketpage.com/supermarkets/Guzman-Grocery-19415.htm | Guzman Grocery"|7|NY|
"http://supermarketpage.com/supermarkets/H-L-Supermarket-11049.htm | H & L Supermarket"|3|MO|
"http://supermarketpage.com/supermarkets/Haggen-Food-Pharmacy-6197.htm | Haggen Food & Pharmacy"|5|OR, WA|
"http://supermarketpage.com/supermarkets/Han-Ah-Reum-Supermarket-2032.htm | Han Ah Reum Supermarket"|2|NY, PA|
"http://supermarketpage.com/supermarkets/Handy-Andy-Supermarkets-19051.htm | Handy Andy Supermarkets"|8|TX|
"http://supermarketpage.com/supermarkets/Hannaford-17670.htm | Hannaford"|228|MA, ME, NH, NY, VA, VT|
"http://supermarketpage.com/supermarkets/Hanover-Supermarket-18619.htm | Hanover Supermarket"|2|IA, IL|
"http://supermarketpage.com/supermarkets/Happy-Foods-19562.htm | Happy Foods"|7|FL, IL|
"http://supermarketpage.com/supermarkets/Harps-Food-Store-21908.htm | Harps Food Store"|5|AR, MO, OK|
"http://supermarketpage.com/supermarkets/Harris-Teeter-17958.htm | Harris Teeter"|216|DC, DE, FL, GA, MD, NC, NJ, SC, TN, VA|
"http://supermarketpage.com/supermarkets/Harrys-Fresh-Foods-8708.htm | Harrys Fresh Foods"|3|OR|
"http://supermarketpage.com/supermarkets/Harvest--Foods-14181.htm | Harvest -Foods"|5|AR, NC|
"http://supermarketpage.com/supermarkets/Harvest-Foods-13283.htm | Harvest Foods"|45|AR, CA, ID, IL, LA, MT, WA|
"http://supermarketpage.com/supermarkets/Harveys-Super-Market-6028.htm | Harveys Super Market"|9|GA|
"http://supermarketpage.com/supermarkets/Hays-Food-Town-20552.htm | Hays Food Town"|4|AR|
"http://supermarketpage.com/supermarkets/Healthway-Natural-Foods-4113.htm | Healthway Natural Foods"|11|CA, MD, VA, WV|
"http://supermarketpage.com/supermarkets/Heartland-Foods-11622.htm | Heartland Foods"|10|IA, IN, MD, OH, OK, SD|
"http://supermarketpage.com/supermarkets/HEB-23594.htm | HEB"|278|AZ, NY, TX|
"http://supermarketpage.com/supermarkets/Heinens-8162.htm | Heinens"|15|OH|
"http://supermarketpage.com/supermarkets/Hen-House-18710.htm | Hen House"|15|KS, MO|
"http://supermarketpage.com/supermarkets/Hillside-Foods-1846.htm | Hillside Foods"|2|NY|
"http://supermarketpage.com/supermarkets/Holiday-Foods-3437.htm | Holiday Foods"|19|AL, CA, IA, IN, KY, NC, TX|
"http://supermarketpage.com/supermarkets/Holiday-Quality-Foods-10195.htm | Holiday Quality Foods"|19|CA|
"http://supermarketpage.com/supermarkets/Holland-Market-21832.htm | Holland Market"|2||
"http://supermarketpage.com/supermarkets/Hollys-Town-Super-Market-10811.htm | Hollys Town Super Market"|3|IA|
"http://supermarketpage.com/supermarkets/Hollywood-Super-Mkt.-2616.htm | Hollywood Super Mkt."|4|MI|
"http://supermarketpage.com/supermarkets/Homeland-21926.htm | Homeland"|36|KS, OK|
"http://supermarketpage.com/supermarkets/Homerun-Foods-2439.htm | Homerun Foods"|10|GA|
"http://supermarketpage.com/supermarkets/Hometown-Foods-11825.htm | Hometown Foods"|35|AL, AR, CA, FL, GA, IA, ID, IL, KS, KY, MD, MN, NC, NY, OR, WI|
"http://supermarketpage.com/supermarkets/Horizon-Foods-6382.htm | Horizon Foods"|11|AZ, CA, CO, IA, MA, MD, NC, NY, OH, RI|
"http://supermarketpage.com/supermarkets/Hornbachers-Foods-13637.htm | Hornbachers Foods"|5|MN, ND|
"http://supermarketpage.com/supermarkets/Hot-Stuff-Foods-LLC-11614.htm | Hot Stuff Foods LLC"|3|SD|
"http://supermarketpage.com/supermarkets/Houchens-Market-11662.htm | Houchens Market"|9|KY|
"http://supermarketpage.com/supermarkets/Houghton-Market-7957.htm | Houghton Market"|1|WA|
"http://supermarketpage.com/supermarkets/Hung-Vuong-Super-Market-1922.htm | Hung Vuong Super Market"|3|PA|
"http://supermarketpage.com/supermarkets/Hurricane-Foods-5147.htm | Hurricane Foods"|5|IN|
"http://supermarketpage.com/supermarkets/Huy-Fong-Foods-Inc.-12955.htm | Huy Fong Foods Inc."|2|CA|
"http://supermarketpage.com/supermarkets/Hy-Klas-Foods-18703.htm | Hy Klas Foods"|3|MO|
"http://supermarketpage.com/supermarkets/Hy-Vee-11615.htm | Hy Vee"|26|IA, KS, MN, MO, NE, SD|
"http://supermarketpage.com/supermarkets/IBC-Merita-21525.htm | IBC Merita"|8|FL, GA|
"http://supermarketpage.com/supermarkets/Ingles-Market-20442.htm | Ingles Market"|65|NC, SC, TN|
"http://supermarketpage.com/supermarkets/Island-Pacific-Supermarket-13677.htm | Island Pacific Supermarket"|9|CA, NV|
"http://supermarketpage.com/supermarkets/Jack-Rabbit-Foods-2432.htm | Jack Rabbit Foods"|4|GA|
"http://supermarketpage.com/supermarkets/Jade-Foods-20538.htm | Jade Foods"|5|AR|
"http://supermarketpage.com/supermarkets/Jahnke-Foods-5322.htm | Jahnke Foods"|2|MN|
"http://supermarketpage.com/supermarkets/Jalisco-Market-16088.htm | Jalisco Market"|11|CA, GA, IL, LA, OH|
"http://supermarketpage.com/supermarkets/Jamboree-Foods-11632.htm | Jamboree Foods"|11|IA, KS, MN, OH, SD|
"http://supermarketpage.com/supermarkets/James-E-W-Sons-Supermarket-15816.htm | James E W & Sons Supermarket"|1|TN|
"http://supermarketpage.com/supermarkets/Jardines-Texas-Foods-9490.htm | Jardines Texas Foods"|3|TX|
"http://supermarketpage.com/supermarkets/Jaritza-Supermarket-894.htm | Jaritza Supermarket"|2|NJ|
"http://supermarketpage.com/supermarkets/Jennie-O-Foods-9002.htm | Jennie O Foods"|7|KS, MN|
"http://supermarketpage.com/supermarkets/Jensens-Finest-Foods-21187.htm | Jensens Finest Foods"|4|CA|
"http://supermarketpage.com/supermarkets/Jerome-Foods-14767.htm | Jerome Foods"|7|MN, WA, WI|
"http://supermarketpage.com/supermarkets/Jet-Foods-21541.htm | Jet Foods"|2|GA|
"http://supermarketpage.com/supermarkets/Jewel-Osco-4175.htm | Jewel-Osco"|220|IA, IL, IN, NM, TX, WI, WV|
"http://supermarketpage.com/supermarkets/Jimmy-Dean-Foods-17074.htm | Jimmy Dean Foods"|8|IA, IL|
"http://supermarketpage.com/supermarkets/Jimmy-Foods-17089.htm | Jimmy Foods"|1||
"http://supermarketpage.com/supermarkets/Jimmys-Food-Mart-3194.htm | Jimmy's Food Mart"|1|WI|
"http://supermarketpage.com/supermarkets/Jimmys-Foods-17103.htm | Jimmy's Foods"|2|IL|
"http://supermarketpage.com/supermarkets/Joseph-Webb-Foods-16376.htm | Joseph Webb Foods"|2|CA|
"http://supermarketpage.com/supermarkets/Joy-Bargain-5431.htm | Joy Bargain"|2||
"http://supermarketpage.com/supermarkets/Joy-Foods-7866.htm | Joy Foods"|7|FL, PA, TN|
"http://supermarketpage.com/supermarkets/Joyti-Supermarket-9453.htm | Joyti Supermarket"|2|CA|
"http://supermarketpage.com/supermarkets/Jubilee-Foods-4494.htm | Jubilee Foods"|34|AL, IA, IL, KY, LA, MD, MI, MN, MO, NY, OH, PA, SD, WI, WY|
"http://supermarketpage.com/supermarkets/Jumbo-Foods-1255.htm | Jumbo Foods"|3|AZ, OK, WA|
"http://supermarketpage.com/supermarkets/Jw-Fine-Foods-21681.htm | Jw Fine Foods"|3|NJ|
"http://supermarketpage.com/supermarkets/Kaiser-Supermarket-7689.htm | Kaiser Supermarket"|6|IN, OH|
"http://supermarketpage.com/supermarkets/Kaneshic-Supermarket-17059.htm | Kaneshic Supermarket"|2|IL|
"http://supermarketpage.com/supermarkets/Karina-Grocery-15425.htm | Karina Grocery"|7|MA, NY|
"http://supermarketpage.com/supermarkets/Karns-Quality-Foods-15069.htm | Karns Quality Foods"|7|PA|
"http://supermarketpage.com/supermarkets/Kash-N-Karry-6966.htm | Kash N Karry"|1|FL|
"http://supermarketpage.com/supermarkets/Kay-Foods-14601.htm | Kay Foods"|4|MI, NJ, TX|
"http://supermarketpage.com/supermarkets/Kens-Foods-9617.htm | Kens Foods"|6|AR, AZ, DE, FL, MA, OH|
"http://supermarketpage.com/supermarkets/Kens-Quik-Foods-23194.htm | Kens Quik Foods"|2|TX|
"http://supermarketpage.com/supermarkets/Kensington-Supermarket-4970.htm | Kensington Supermarket"|2|MD, MN|
"http://supermarketpage.com/supermarkets/Kents-Foods-8089.htm | Kents Foods"|2|UT|
"http://supermarketpage.com/supermarkets/Kevins-Great-American-11763.htm | Kevins Great American"|2|NY|
"http://supermarketpage.com/supermarkets/Key-Food-8720.htm | Key Food"|64|IL, NJ, NY, OH, OR|
"http://supermarketpage.com/supermarkets/Keystone-Foods-22189.htm | Keystone Foods"|12|AL, AR, MI, OH, PA, WI|
"http://supermarketpage.com/supermarkets/Kikos-Supermarket-933.htm | Kikos Supermarket"|2|NJ|
"http://supermarketpage.com/supermarkets/Kim-Market-12591.htm | Kim Market"|2|MA|
"http://supermarketpage.com/supermarkets/Kim-Young-15190.htm | Kim Young"|2|NY|
"http://supermarketpage.com/supermarkets/King-Brothers-Super-Market-3276.htm | King Brothers Super Market"|2|KY|
"http://supermarketpage.com/supermarkets/King-Food-7528.htm | King Food"|7|CA, FL, IL, MA, NY, WI|
"http://supermarketpage.com/supermarkets/King-Kullen-15472.htm | King Kullen"|40|NY|
"http://supermarketpage.com/supermarkets/King-Ranch-Market-16415.htm | King Ranch Market"|5|CA|
"http://supermarketpage.com/supermarkets/King-Soopers-4514.htm | King Soopers"|118|CO, WY|
"http://supermarketpage.com/supermarkets/Kings-Super-Market-19204.htm | Kings Super Market"|39|CA, FL, NJ, NY, PA, SC|
"http://supermarketpage.com/supermarkets/Kleins-Super-Market-20879.htm | Kleins Super Market"|17|MD, PA, TX|
"http://supermarketpage.com/supermarkets/Kmart-Super-Centers-18114.htm | Kmart Super Centers"|13|CO, IL, IN, MI, NC, TN, TX|
"http://supermarketpage.com/supermarkets/Koch-Foods-7838.htm | Koch Foods"|10|AL, GA, IN, MS, OH, TN|
"http://supermarketpage.com/supermarkets/Kona-Natural-Foods-18154.htm | Kona Natural Foods"|5|HI|
"http://supermarketpage.com/supermarkets/Krauszers-17351.htm | Krauszers"|13|CT, NJ, PA|
"http://supermarketpage.com/supermarkets/Kroger-17361.htm | Kroger"|1332|AL, AR, CA, CO, GA, IL, IN, KY, LA, MI, MN, MO, MS, NC, NY, OH, SC, TN, TX, VA, WV|
"http://supermarketpage.com/supermarkets/Kta-Super-Stores-18216.htm | Kta Super Stores"|5|HI|
"http://supermarketpage.com/supermarkets/Kubiaks-Family-Foods-2233.htm | Kubiaks Family Foods"|2|ME, MN|
"http://supermarketpage.com/supermarkets/Kumud-Groceries-9421.htm | Kumud Groceries"|2|CA|
"http://supermarketpage.com/supermarkets/Kwickie-Flash-Foods-16843.htm | Kwickie Flash Foods"|14|GA|
"http://supermarketpage.com/supermarkets/L-L-Food-Centers-9898.htm | L & L Food Centers"|8|MI|
"http://supermarketpage.com/supermarkets/Labriola-Leonard-Foods-7439.htm | Labriola Leonard Foods"|3|PA|
"http://supermarketpage.com/supermarkets/Lake-Mystic-Super-Market-19688.htm | Lake Mystic Super Market"|2|FL|
"http://supermarketpage.com/supermarkets/Lakeside-Foods-14734.htm | Lakeside Foods"|2|WI|
"http://supermarketpage.com/supermarkets/Lakewinds-Natural-Foods-22796.htm | Lakewinds Natural Foods"|4|MN|
"http://supermarketpage.com/supermarkets/Landis-Supermarket-12052.htm | Landis Supermarket"|4|PA|
"http://supermarketpage.com/supermarkets/Landmark-Foods-23313.htm | Landmark Foods"|4|AR, MS, TX|
"http://supermarketpage.com/supermarkets/Lawrence-Bros-Iga-22560.htm | Lawrence Bros Iga"|13||
"http://supermarketpage.com/supermarkets/Leevers-Supermarket-4068.htm | Leevers Supermarket"|3|CO|
"http://supermarketpage.com/supermarkets/Legacy-Foods-19685.htm | Legacy Foods"|3|IN, KS|
"http://supermarketpage.com/supermarkets/Leisure-Time-Foods-17840.htm | Leisure Time Foods"|6|NC, SC, VA|
"http://supermarketpage.com/supermarkets/Leprino-Foods-10944.htm | Leprino Foods"|13|CA, CO, MI, NE, NM, NY|
"http://supermarketpage.com/supermarkets/Lewis-Food-Town-14630.htm | Lewis Food Town"|12|TX|
"http://supermarketpage.com/supermarkets/Lil-Cricket-20386.htm | Lil Cricket"|4|SC|
"http://supermarketpage.com/supermarkets/Lil-Peach-23529.htm | Lil Peach"|25|MA|
"http://supermarketpage.com/supermarkets/Lobill-Foods-22514.htm | Lobill Foods"|13|IN, OH|
"http://supermarketpage.com/supermarkets/Logli-Supermarkets-18679.htm | Logli Supermarkets"|1|IL|
"http://supermarketpage.com/supermarkets/Lowes-Food-21743.htm | Lowes Food"|87|NC, NM, SC, TX|
"http://supermarketpage.com/supermarkets/Luckys-Supermarket-13750.htm | Lucky's Supermarket"|10|AL, NV|
"http://supermarketpage.com/supermarkets/Luihn-Foods-22134.htm | Luihn Foods"|3|NC|
"http://supermarketpage.com/supermarkets/Macs-Fresh-Market-5245.htm | Mac's Fresh Market"|5|LA|
"http://supermarketpage.com/supermarkets/Mace-Supermarkets-11056.htm | Mace Supermarkets"|2|MO|
"http://supermarketpage.com/supermarkets/Macs-Market-17626.htm | Macs Market"|2|NH, VT|
"http://supermarketpage.com/supermarkets/Made-In-Hawaii-Foods-18165.htm | Made In Hawaii Foods"|2|HI|
"http://supermarketpage.com/supermarkets/Madison-Foods-6731.htm | Madison Foods"|2|MT|
"http://supermarketpage.com/supermarkets/Malones-Food-Stores-23153.htm | Malone's Food Stores"|5|TX|
"http://supermarketpage.com/supermarkets/Mana-Foods-18182.htm | Mana Foods"|2|HI|
"http://supermarketpage.com/supermarkets/Mandros-Imported-Foods-14945.htm | Mandros Imported Foods"|3|PA|
"http://supermarketpage.com/supermarkets/Marathon-22354.htm | Marathon"|2|KY, TN|
"http://supermarketpage.com/supermarkets/Marigold-Foods-14765.htm | Marigold Foods"|8|IA, MN, WI|
"http://supermarketpage.com/supermarkets/Marinos-Associated-Foods-1188.htm | Marino's Associated Foods"|2|AL|
"http://supermarketpage.com/supermarkets/Market-Basket-11835.htm | Market Basket"|115|AZ, CA, GA, ID, IL, IN, LA, MA, MD, ME, MI, MS, MT, NC, NH, NJ, NY, OH, OR, PA, TX, VA, WA, WI|
"http://supermarketpage.com/supermarkets/Marketplace-Foods-13652.htm | Marketplace Foods"|3|MN, ND|
"http://supermarketpage.com/supermarkets/Mars-Supermarket-15604.htm | Mars Supermarket"|24|MD|
"http://supermarketpage.com/supermarkets/Marsh-Supermarket-22476.htm | Marsh Supermarket"|93|IN, OH|
"http://supermarketpage.com/supermarkets/Martin-Preferred-Foods-9564.htm | Martin Preferred Foods"|4|TX|
"http://supermarketpage.com/supermarkets/Martins-Super-Market-3234.htm | Martin's Super Market"|29|IN, MI|
"http://supermarketpage.com/supermarkets/Meijer-22504.htm | Meijer"|154|IL, IN, KY, MI, NY, OH|
"http://supermarketpage.com/supermarkets/Melmarkets-Foodtown-13153.htm | Melmarkets Foodtown"|9|NY|
"http://supermarketpage.com/supermarkets/Met-Foods-21679.htm | Met Foods"|38|NJ, NY|
"http://supermarketpage.com/supermarkets/Metal-Supermarkets-22160.htm | Metal Supermarkets"|36|AL, AZ, CA, GA, IL, IN, KY, MI, MN, NE, NJ, NY, OH, OR, PA, TN, WA, WI|
"http://supermarketpage.com/supermarkets/Metro-Food-Market-8173.htm | Metro Food Market"|4|MD|
"http://supermarketpage.com/supermarkets/Mi-Bandera-Supermarket-12363.htm | Mi Bandera Supermarket"|3|FL, OH|
"http://supermarketpage.com/supermarkets/Michael-Foods-21121.htm | Michael Foods"|10|IN, MN, NE, NJ|
"http://supermarketpage.com/supermarkets/Michoacam-Supermarket-13333.htm | Michoacam Supermarket"|2|CA|
"http://supermarketpage.com/supermarkets/Mission-Foods-16256.htm | Mission Foods"|45|AZ, CA, CO, GA, IA, KS, MN, MO, NY, PA, TX, VA|
"http://supermarketpage.com/supermarkets/Mojave-Foods-23016.htm | Mojave Foods"|7|CA, CO, GA, NV, SC, TX|
"http://supermarketpage.com/supermarkets/Morningstar-Foods-10238.htm | Morningstar Foods"|7|CA, FL, KY, MD, VA|
"http://supermarketpage.com/supermarkets/Mother-Earth-Natural-Foods-4957.htm | Mother Earth Natural Foods"|3|FL, NY|
"http://supermarketpage.com/supermarkets/Neighborhood-Market-17571.htm | Neighborhood Market"|95|AR, AZ, FL, IN, KS, KY, LA, MS, NM, NV, OK, TN, TX, UT|
"http://supermarketpage.com/supermarkets/New-Way-Supermarket-6403.htm | New Way Supermarket"|10|FL, NJ, NY, RI|
"http://supermarketpage.com/supermarkets/Newly-Weds-Food-21181.htm | Newly Weds Food"|8|AR, IL, MA, NJ|
"http://supermarketpage.com/supermarkets/Newmans-Foods-10985.htm | Newmans Foods"|2|MO|
"http://supermarketpage.com/supermarkets/Nice-N-Easy-Grocery-Shoppe-14845.htm | Nice N Easy Grocery Shoppe"|19|NY|
"http://supermarketpage.com/supermarkets/Niemann-Foods-10977.htm | Niemann Foods"|7|IL, MO|
"http://supermarketpage.com/supermarkets/Nijiya-Market-12999.htm | Nijiya Market"|5|CA|
"http://supermarketpage.com/supermarkets/Nikken-Foods-13252.htm | Nikken Foods"|2|MO|
"http://supermarketpage.com/supermarkets/No-Frills-Supermarket-6488.htm | No Frills Supermarket"|17|IA, NE|
"http://supermarketpage.com/supermarkets/Nob-Hill-Foods-19146.htm | Nob Hill Foods"|3|CA|
"http://supermarketpage.com/supermarkets/North-Bay-Foods-14417.htm | North Bay Foods"|4||
"http://supermarketpage.com/supermarkets/North-End-Market-17605.htm | North End Market"|4|MA, NH, OH, VT|
"http://supermarketpage.com/supermarkets/Northgate-Markets-20970.htm | Northgate Markets"|11|CA, FL|
"http://supermarketpage.com/supermarkets/Northland-Foods-14756.htm | Northland Foods"|4|MI, WI|
"http://supermarketpage.com/supermarkets/Nutricion-Fundamental-21221.htm | Nutricion Fundamental"|8|CA|
"http://supermarketpage.com/supermarkets/Oakridge-Supermarket-11310.htm | Oakridge Supermarket"|3|MI|
"http://supermarketpage.com/supermarkets/Occidental-International-Foods-21183.htm | Occidental International Foods"|3|NJ|
"http://supermarketpage.com/supermarkets/Old-Dutch-Foods-22186.htm | Old Dutch Foods"|20|FL, IA, MN, ND, NE, SD, VA, WI|
"http://supermarketpage.com/supermarkets/One-Stop-Market-15210.htm | One Stop Market"|7|CA, MA, NY|
"http://supermarketpage.com/supermarkets/Outpost-Natural-Foods-7555.htm | Outpost Natural Foods"|5|HI, WI|
"http://supermarketpage.com/supermarkets/Owens-Supermarket-13713.htm | Owens Supermarket"|4|IN, NV|
"http://supermarketpage.com/supermarkets/P-C-Foods-17659.htm | P & C Foods"|59|NH, NY, PA, VT|
"http://supermarketpage.com/supermarkets/P-T-Supermarket-23346.htm | P & T Supermarket"|4|LA, NJ|
"http://supermarketpage.com/supermarkets/P-W-Supermarkets-7085.htm | P W Supermarkets"|7|CA|
"http://supermarketpage.com/supermarkets/Pacific-Supermarket-18192.htm | Pacific Supermarket"|6|HI|
"http://supermarketpage.com/supermarkets/Pakn-Save-13336.htm | Pak'n Save"|5|CA|
"http://supermarketpage.com/supermarkets/Pal-Supermarket-15457.htm | Pal Supermarket"|3|NJ, NY|
"http://supermarketpage.com/supermarkets/Pantry-Foods-3171.htm | Pantry Foods"|4|IN, WI|
"http://supermarketpage.com/supermarkets/Paradise-Foods-4526.htm | Paradise Foods"|6|CA, MI, WY|
"http://supermarketpage.com/supermarkets/Park-N-Shop-9236.htm | Park N Shop"|3|MA|
"http://supermarketpage.com/supermarkets/Park-Place-Foods-19048.htm | Park Place Foods"|7|TX|
"http://supermarketpage.com/supermarkets/Patco-Handy-Stop-20186.htm | Patco Handy Stop"|9|CT|
"http://supermarketpage.com/supermarkets/Patel-Brothers-3556.htm | Patel Brothers"|10|CA, MA, NY, PA, TX|
"http://supermarketpage.com/supermarkets/Pathmark-12207.htm | Pathmark"|69|DE, NJ, NY, PA|
"http://supermarketpage.com/supermarkets/Patricias-Foods-18718.htm | Patricias Foods"|5|MO|
"http://supermarketpage.com/supermarkets/Patrick-Murphy-Market-1824.htm | Patrick Murphy Market"|2|NY|
"http://supermarketpage.com/supermarkets/Pats-Foods-21081.htm | Pats Foods"|5|MI|
"http://supermarketpage.com/supermarkets/Pauls-Supermarket-10992.htm | Paul's Supermarket"|5|GA, MO|
"http://supermarketpage.com/supermarkets/Pavilions-22677.htm | Pavilions"|5|CA|
"http://supermarketpage.com/supermarkets/Paw-Creek-Foods-Incorporated-17392.htm | Paw Creek Foods Incorporated"|2|MA|
"http://supermarketpage.com/supermarkets/Pax-Wholesome-Foods-1827.htm | Pax Wholesome Foods"|7|NY|
"http://supermarketpage.com/supermarkets/Payfair-Supermarket-4447.htm | Payfair Supermarket"|3|FL|
"http://supermarketpage.com/supermarkets/Payless-Super-Market-3358.htm | Payless Super Market"|5|LA, TX, VA|
"http://supermarketpage.com/supermarkets/Peachtree-Natural-Foods-16953.htm | Peachtree Natural Foods"|5|AL, GA|
"http://supermarketpage.com/supermarkets/Pechin-15627.htm | Pechin"|5|PA|
"http://supermarketpage.com/supermarkets/Pecks-Market-19471.htm | Pecks Market"|3|NY|
"http://supermarketpage.com/supermarkets/Pennant-Foods-14465.htm | Pennant Foods"|5|GA, IL|
"http://supermarketpage.com/supermarkets/Perez-Supermarket-23413.htm | Perez Supermarket"|5|NJ|
"http://supermarketpage.com/supermarkets/Pic-N-Save-16547.htm | Pic N Save"|5|AL, IN|
"http://supermarketpage.com/supermarkets/Pic-Pac-Supermarket-4719.htm | Pic Pac Supermarket"|8|KY, MI|
"http://supermarketpage.com/supermarkets/Pick-Quick-Foods-15410.htm | Pick Quick Foods"|9|NY|
"http://supermarketpage.com/supermarkets/Pickn-Save-22194.htm | Pick'n Save"|16|WI|
"http://supermarketpage.com/supermarkets/Pickles-Olives-Etc-903.htm | Pickles Olives Etc"|2|NJ|
"http://supermarketpage.com/supermarkets/Pierces-Supermarket-11833.htm | Pierces Supermarket"|3|WI|
"http://supermarketpage.com/supermarkets/Pierre-Foods-18983.htm | Pierre Foods"|1|NC|
"http://supermarketpage.com/supermarkets/Piggly-Wiggly-22228.htm | Piggly Wiggly"|535|AL, AR, FL, GA, IL, KS, KY, LA, MN, MO, MS, NC, OK, SC, TN, TX, VA, WA, WI|
"http://supermarketpage.com/supermarkets/Piglet-Supermarket-21540.htm | Piglet Supermarket"|2|GA, SC|
"http://supermarketpage.com/supermarkets/Pik-Nik-Foods-1684.htm | Pik Nik Foods"|5|TX|
"http://supermarketpage.com/supermarkets/Pinnacle-Foods-23382.htm | Pinnacle Foods"|13|AL, AR, AZ, IA, MI, NE, NJ|
"http://supermarketpage.com/supermarkets/Pioneer-Supermarket-12193.htm | Pioneer Supermarket"|27|NY, PA|
"http://supermarketpage.com/supermarkets/President-Supermarket-23362.htm | President Supermarket"|9|FL, NJ|
"http://supermarketpage.com/supermarkets/Price-Chopper-17666.htm | Price Chopper"|101|AR, CT, KS, MA, MO, NY, PA, VT|
"http://supermarketpage.com/supermarkets/Price-Cutter-21919.htm | Price Cutter"|6|AR, MO, OK|
"http://supermarketpage.com/supermarkets/Price-Less-Foods-10434.htm | Price Less Foods"|4|CA, IL, OR|
"http://supermarketpage.com/supermarkets/Price-Rite-6383.htm | Price Rite"|18|CT, IL, MA, NY, PA, RI|
"http://supermarketpage.com/supermarkets/Publix-12515.htm | Publix"|1144|AL, FL, GA, IA, IL, MI, NJ, NY, OH, SC, TN|
"http://supermarketpage.com/supermarkets/Pw-Supermarkets-22231.htm | Pw Supermarkets"|4|CA|
"http://supermarketpage.com/supermarkets/Qfc-Quality-Food-Centers-12868.htm | Qfc Quality Food Centers"|59|AR, NE, OR, PA, WA|
"http://supermarketpage.com/supermarkets/Quality-Dairy-Co.-9892.htm | Quality Dairy Co."|14|MI|
"http://supermarketpage.com/supermarkets/Quality-Food-Mart-Super-Markets-21761.htm | Quality Food Mart Super Markets"|5|TX|
"http://supermarketpage.com/supermarkets/Rainbow-Foods-13819.htm | Rainbow Foods"|22|GA, IL, MN, VA|
"http://supermarketpage.com/supermarkets/Raleys-Supermarkets-Drug-Centers-17157.htm | Raley's Supermarkets & Drug Centers"|40|CA, NM, NV|
"http://supermarketpage.com/supermarkets/Ralphs-Grocery-Co.-10969.htm | Ralphs Grocery Co."|19|CA, KS, KY, MO|
"http://supermarketpage.com/supermarkets/Rameys-Supermarket-22983.htm | Rameys Supermarket"|11|MS|
"http://supermarketpage.com/supermarkets/Red-Apple-Food-Marts-4505.htm | Red Apple Food Marts"|27|MI, NY, PA, WY|
"http://supermarketpage.com/supermarkets/Resers-Fine-Foods-9310.htm | Resers Fine Foods"|19|AR, FL, ID, KS, MT, OK, OR, UT, WA|
"http://supermarketpage.com/supermarkets/Reynolds-Supermarket-4527.htm | Reynolds Supermarket"|2|MT, WY|
"http://supermarketpage.com/supermarkets/Riceland-Foods-11059.htm | Riceland Foods"|23|AR, LA, MO|
"http://supermarketpage.com/supermarkets/Richdale-Dairy-Store-11528.htm | Richdale Dairy Store"|5|MA, NH|
"http://supermarketpage.com/supermarkets/Right-Way-Foods-20264.htm | Right Way Foods"|13|FL|
"http://supermarketpage.com/supermarkets/Roche-Bros-23458.htm | Roche Bros"|16|MA|
"http://supermarketpage.com/supermarkets/Rosauers-Supermarket-9392.htm | Rosauers Supermarket"|11|ID, OR, WA|
"http://supermarketpage.com/supermarkets/Rosco-Supermarket-18907.htm | Rosco Supermarket"|2|CA|
"http://supermarketpage.com/supermarkets/Rouses-Supermarket-2344.htm | Rouse's Supermarket"|15|LA, MS|
"http://supermarketpage.com/supermarkets/Rowes-Supermarkets-21029.htm | Rowes Supermarkets"|4|FL|
"http://supermarketpage.com/supermarkets/Run-In-Foods-18984.htm | Run In Foods"|5|NC|
"http://supermarketpage.com/supermarkets/Rush-Hour-Foods-1873.htm | Rush Hour Foods"|4|IN, TX|
"http://supermarketpage.com/supermarkets/Sack-N-Save-Foods-16127.htm | Sack N Save Foods"|7|HI, OH|
"http://supermarketpage.com/supermarkets/Safeway-4530.htm | Safeway"|1074|AK, AZ, CA, CO, DC, DE, FL, HI, ID, IN, MD, MO, MT, NE, NM, NV, NY, OR, PA, SC, SD, TX, VA, WA, WY|
"http://supermarketpage.com/supermarkets/Sams-Club-4102.htm | Sam's Club"|31|CA, CT, FL, GA, IL, IN, LA, MI, MO, MS, NC, OH, SC, TX, WI, WV|
"http://supermarketpage.com/supermarkets/Sav-A-Lot-12727.htm | Sav A Lot"|2|FL, IL|
"http://supermarketpage.com/supermarkets/Save-A-Lot-23386.htm | Save A Lot"|396|AL, AR, AZ, CA, CO, CT, FL, GA, IA, IL, IN, KS, KY, LA, MA, MD, ME, MI, MN, MO, MS, NC, NJ, NY, OH, OK, OR, PA, RI, SC, TN, TX, VA, WA, WI, WV|
"http://supermarketpage.com/supermarkets/Save-Mart-Supermarket-20832.htm | Save Mart Supermarket"|122|AR, CA, NV, NY, OH, TX|
"http://supermarketpage.com/supermarkets/Saveland-Supermarket-4722.htm | Saveland Supermarket"|4|FL, MI|
"http://supermarketpage.com/supermarkets/SaveRite-Grocery-Warehouse-6795.htm | SaveRite Grocery Warehouse"|1|FL|
"http://supermarketpage.com/supermarkets/Saverite-Grocery-Warehouse-6809.htm | Saverite Grocery Warehouse"|1||
"http://supermarketpage.com/supermarkets/Saveway-Foods-4215.htm | Saveway Foods"|5|CA, IL, OH, WV|
"http://supermarketpage.com/supermarkets/Schnuck-Markets-20764.htm | Schnuck Markets"|108|IL, IN, MO, MS, TN|
"http://supermarketpage.com/supermarkets/Schratter-Foods-3447.htm | Schratter Foods"|8|CA, FL, NJ, TX|
"http://supermarketpage.com/supermarkets/Schreiber-Food-Inc.-22171.htm | Schreiber Food Inc."|32|AZ, CO, GA, KY, MO, NC, NJ, PA, RI, TN, TX, UT, WA, WI|
"http://supermarketpage.com/supermarkets/Schwans-Fine-Food-20669.htm | Schwan's Fine Food"|128|AL, AR, AZ, CA, CO, DE, FL, IA, ID, IL, IN, KS, KY, LA, MD, MI, MN, MO, MS, MT, NC, NE, NM, NV, NY, OH, OK, PA, SC, TN, TX, VA, WA, WI, WV, WY|
"http://supermarketpage.com/supermarkets/Scolaris-Food-Drug-Co.-17147.htm | Scolaris Food & Drug Co."|4|CA, NV|
"http://supermarketpage.com/supermarkets/Scotts-Foods-3136.htm | Scotts Foods"|12|IA, IN|
"http://supermarketpage.com/supermarkets/Seabra-Supermarkets-6404.htm | Seabra Supermarkets"|9|MA, NJ, RI|
"http://supermarketpage.com/supermarkets/Seafood-City-Supermarket-19952.htm | Seafood City Supermarket"|8|CA|
"http://supermarketpage.com/supermarkets/Seafood-City-Supermarkets-14402.htm | Seafood City Supermarkets"|1||
"http://supermarketpage.com/supermarkets/Sedanos-Supermarket-22895.htm | Sedanos Supermarket"|28|FL|
"http://supermarketpage.com/supermarkets/Selecto-Supermarket-12025.htm | Selecto Supermarket"|2|NJ|
"http://supermarketpage.com/supermarkets/Seneca-Foods-22220.htm | Seneca Foods"|27|FL, ID, MN, NY, WA, WI|
"http://supermarketpage.com/supermarkets/Sentry-Foods-22204.htm | Sentry Foods"|20|GA, IL, VA, WI|
"http://supermarketpage.com/supermarkets/Shamrock-Foods-17396.htm | Shamrock Foods"|15|AZ, CO, MA, NJ, NM|
"http://supermarketpage.com/supermarkets/Shaws-Osco-6407.htm | Shaw's Osco"|29|CT, MA, ME, NH, RI|
"http://supermarketpage.com/supermarkets/Shaws-17665.htm | Shaws"|184|CA, CT, MA, ME, NH, RI, VT|
"http://supermarketpage.com/supermarkets/Sherwood-Foods-8008.htm | Sherwood Foods"|6|IL, MI, OH, VA|
"http://supermarketpage.com/supermarkets/Shop-and-Go-3440.htm | Shop and Go"|4|AR, CA, NY, TX|
"http://supermarketpage.com/supermarkets/Shop-N-Save-4197.htm | Shop N Save"|117|AL, AZ, CA, CO, FL, IA, IL, ME, MI, MO, MS, NC, OH, PA, TX, WV|
"http://supermarketpage.com/supermarkets/Shop-Rite-21686.htm | Shop Rite"|3|NY|
"http://supermarketpage.com/supermarkets/Shop-Smart-17385.htm | Shop Smart"|7||
"http://supermarketpage.com/supermarkets/Shoppers-Food-19103.htm | Shoppers Food"|60|DC, DE, MD, VA|
"http://supermarketpage.com/supermarkets/Shoprite-2025.htm | Shoprite"|129|CA, CT, DE, FL, GA, IL, KY, NJ, NY, OH, PA|
"http://supermarketpage.com/supermarkets/Shore-Stop-Food-Stores-11720.htm | Shore Stop Food Stores"|7|DE|
"http://supermarketpage.com/supermarkets/Sigma-Foods-17588.htm | Sigma Foods"|19|AZ, CA, CO, FL, GA, NV, TX, UT|
"http://supermarketpage.com/supermarkets/Smart-Final-13705.htm | Smart & Final"|158|AZ, CA, FL, NV|
"http://supermarketpage.com/supermarkets/Smithfield-Food-16165.htm | Smithfield Food"|8|MA, NY, OK, VA|
"http://supermarketpage.com/supermarkets/Smiths-Food-Drug-Centers-20881.htm | Smiths Food & Drug Centers"|145|AZ, CA, ID, IN, MT, NC, NM, NV, UT, WY|
"http://supermarketpage.com/supermarkets/Snappy-Foods-6269.htm | Snappy Foods"|14|GA, TX|
"http://supermarketpage.com/supermarkets/Southern-Family-Foods-13553.htm | Southern Family Foods"|7|AL, GA, MS|
"http://supermarketpage.com/supermarkets/Sparkle-Super-Markets-5569.htm | Sparkle Super Markets"|7|OH|
"http://supermarketpage.com/supermarkets/Spee-D-Foods-11561.htm | Spee D Foods"|12|GA, OH|
"http://supermarketpage.com/supermarkets/Sprint-Foods-14346.htm | Sprint Foods"|9|GA|
"http://supermarketpage.com/supermarkets/Spruce-Foods-22668.htm | Spruce Foods"|2|CA|
"http://supermarketpage.com/supermarkets/Star-Market-9911.htm | Star Market"|27|HI, MA, NV, NY|
"http://supermarketpage.com/supermarkets/Stater-Bros-22780.htm | Stater Bros"|120|CA|
"http://supermarketpage.com/supermarkets/Stop-GO-22434.htm | Stop & GO"|15|CT, FL, MA, NY, OH, TX|
"http://supermarketpage.com/supermarkets/Stop-Save-20074.htm | Stop & Save"|2|CA, CT|
"http://supermarketpage.com/supermarkets/Stop-Shop-11797.htm | Stop & Shop"|663|AL, AR, AZ, CA, CO, CT, DE, FL, GA, IA, IL, IN, KS, KY, LA, MA, MD, ME, MI, MN, MO, MS, NC, ND, NH, NJ, NV, NY, OH, OK, OR, PA, RI, SC, TN, TX, UT, VT, WA, WI|
"http://supermarketpage.com/supermarkets/Stop-1-Supermarket-15461.htm | Stop 1 Supermarket"|4|MA, NJ, NY|
"http://supermarketpage.com/supermarkets/Stop-Market-6367.htm | Stop Market"|2|CA, RI|
"http://supermarketpage.com/supermarkets/Stop-N-Save-3481.htm | Stop N Save"|8|CA, MA, TX|
"http://supermarketpage.com/supermarkets/Stop-One-Grocery-17383.htm | Stop One Grocery"|8|CT, NJ, NY|
"http://supermarketpage.com/supermarkets/Store-24-11721.htm | Store 24"|3|MA, NH|
"http://supermarketpage.com/supermarkets/Streetmans-Supermarket-11225.htm | Streetmans Supermarket"|9|OK|
"http://supermarketpage.com/supermarkets/Stremicks-Heritage-Foods-21192.htm | Stremicks Heritage Foods"|3|CA|
"http://supermarketpage.com/supermarkets/Stripes-11194.htm | Stripes"|6|OK|
"http://supermarketpage.com/supermarkets/Sturm-Foods-Inc-22184.htm | Sturm Foods Inc"|2|WI|
"http://supermarketpage.com/supermarkets/Sugar-Creek-Stores-11284.htm | Sugar Creek Stores"|7|NY|
"http://supermarketpage.com/supermarkets/Sullivans-Foods-9698.htm | Sullivans Foods"|16|IA, IL, OH|
"http://supermarketpage.com/supermarkets/Summer-Fresh-Supermarket-7652.htm | Summer Fresh Supermarket"|7|MO|
"http://supermarketpage.com/supermarkets/Sun-Hop-Fat-1-Supermarket-9445.htm | Sun Hop Fat 1 Supermarket"|3|CA|
"http://supermarketpage.com/supermarkets/Sun-Market-9058.htm | Sun Market"|3|DC, MA|
"http://supermarketpage.com/supermarkets/Sun-Mart-Foods-6479.htm | Sun Mart Foods"|4|NE|
"http://supermarketpage.com/supermarkets/Sun-Sang-Supermarket-9462.htm | Sun Sang Supermarket"|2|CA|
"http://supermarketpage.com/supermarkets/Sun-Valley-Foods-17127.htm | Sun Valley Foods"|3|ID, MI, NV|
"http://supermarketpage.com/supermarkets/Sunbelt-Foods-6266.htm | Sunbelt Foods"|2|GA, TX|
"http://supermarketpage.com/supermarkets/Sunbelt-Natural-Foods-6952.htm | Sunbelt Natural Foods"|3|FL|
"http://supermarketpage.com/supermarkets/Sundance-Natural-Foods-10382.htm | Sundance Natural Foods"|3|CA, OR|
"http://supermarketpage.com/supermarkets/Sunflower-Farmers-Market-13771.htm | Sunflower Farmers Market"|3|AZ, NV|
"http://supermarketpage.com/supermarkets/Sunflower-Natural-Foods-17600.htm | Sunflower Natural Foods"|6|CA, CO, IN, OH, VT|
"http://supermarketpage.com/supermarkets/Sunflower-Natural-Foods-Market-19443.htm | Sunflower Natural Foods Market"|1|NY|
"http://supermarketpage.com/supermarkets/Sunflower-Supermarket-13534.htm | Sunflower Supermarket"|2|MS|
"http://supermarketpage.com/supermarkets/Sunland-Foods-5345.htm | Sunland Foods"|2|FL|
"http://supermarketpage.com/supermarkets/Sunmart-3412.htm | Sunmart"|9|MN, ND, NE, TX|
"http://supermarketpage.com/supermarkets/Sunny-Food-Store-14604.htm | Sunny Food Store"|7|AL, NY, TX|
"http://supermarketpage.com/supermarkets/Sunny-Fresh-16438.htm | Sunny Fresh"|5|IA, MI, MN|
"http://supermarketpage.com/supermarkets/Sunny-Groceries-7302.htm | Sunny Groceries"|2|MD|
"http://supermarketpage.com/supermarkets/Sunny-Ridge-Supermarket-983.htm | Sunny Ridge Supermarket"|1|CT|
"http://supermarketpage.com/supermarkets/Sunrise-Food-7536.htm | Sunrise Food"|14|CA, FL, MI, NJ, NY, OH, TX, WI|
"http://supermarketpage.com/supermarkets/Sunrise-Natural-Foods-17367.htm | Sunrise Natural Foods"|5|CA, MN, NY|
"http://supermarketpage.com/supermarkets/Sunrise-Natural-Foods-Inc-10712.htm | Sunrise Natural Foods Inc"|1|FL|
"http://supermarketpage.com/supermarkets/Sunset-Foods-8952.htm | Sunset Foods"|3|IL, NM|
"http://supermarketpage.com/supermarkets/Sunshine-Fine-Foods-9636.htm | Sunshine Fine Foods"|2|OH|
"http://supermarketpage.com/supermarkets/Sunshine-Foods-7529.htm | Sunshine Foods"|21|CA, CT, FL, IA, IL, MI, MN, NY, PA, SD, WI|
"http://supermarketpage.com/supermarkets/Sunshine-Market-6377.htm | Sunshine Market"|4|CA, MA, MO, RI|
"http://supermarketpage.com/supermarkets/Sunshine-Natural-Foods-22549.htm | Sunshine Natural Foods"|4|IA, OR, TX|
"http://supermarketpage.com/supermarkets/Sunshine-Supermarket-3169.htm | Sunshine Supermarket"|4|FL, NY, VA, WI|
"http://supermarketpage.com/supermarkets/Sunshine-Supermarkets-19707.htm | Sunshine Supermarkets"|1|FL|
"http://supermarketpage.com/supermarkets/Super-1-Foods-9387.htm | Super 1 Foods"|42|AR, ID, LA, MT, OR, TX, WA|
"http://supermarketpage.com/supermarkets/Super-A-Foods-3475.htm | Super A Foods"|15|CA, TX|
"http://supermarketpage.com/supermarkets/Super-Bargain-10749.htm | Super Bargain"|4|CA|
"http://supermarketpage.com/supermarkets/Super-Bear-Supermarket-21108.htm | Super Bear Supermarket"|2|AK|
"http://supermarketpage.com/supermarkets/Super-Food-22885.htm | Super Food"|2|FL|
"http://supermarketpage.com/supermarkets/Super-Food-Store-19164.htm | Super Food Store"|4|GA, TX|
"http://supermarketpage.com/supermarkets/Super-Fresh-21757.htm | Super Fresh"|48|DC, DE, IL, MD, MN, NJ, PA, TX|
"http://supermarketpage.com/supermarkets/Super-K-Food-Store-14611.htm | Super K Food Store"|3|CA, FL, TX|
"http://supermarketpage.com/supermarkets/Super-One-Foods-14779.htm | Super One Foods"|18|LA, MI, MN, ND, WA, WI|
"http://supermarketpage.com/supermarkets/Super-S-Foods-23036.htm | Super S Foods"|38|TX|
"http://supermarketpage.com/supermarkets/Super-Target-3501.htm | Super Target"|6|GA, IA, IL, LA, TX|
"http://supermarketpage.com/supermarkets/Superfresh-12284.htm | Superfresh"|6|MD, NJ, PA|
"http://supermarketpage.com/supermarkets/Superior-Market-17394.htm | Superior Market"|9|NY|
"http://supermarketpage.com/supermarkets/Superior-Supermarket-15184.htm | Superior Supermarket"|6|CT, NC, NJ, NY|
"http://supermarketpage.com/supermarkets/Supervalu-4172.htm | Supervalu"|22|AL, CA, GA, IL, MN, MS, MT, ND, NJ, NM, OH, PA, WA, WI, WV|
"http://supermarketpage.com/supermarkets/Supervalue-9595.htm | Supervalue"|1|OH|
"http://supermarketpage.com/supermarkets/Sure-Winner-Foods-11567.htm | Sure Winner Foods"|7|MA, ME, NH|
"http://supermarketpage.com/supermarkets/Sweetbay-Supermarket-22653.htm | Sweetbay Supermarket"|89|FL|
"http://supermarketpage.com/supermarkets/Tawa-Supermarket-13655.htm | Tawa Supermarket"|9|CA, NV|
"http://supermarketpage.com/supermarkets/Tedeschi-Food-Shops-17297.htm | Tedeschi Food Shops"|26|MA|
"http://supermarketpage.com/supermarkets/Terrys-Supermarket-23279.htm | Terry's Supermarket"|7|TX|
"http://supermarketpage.com/supermarkets/Terrys-Supermarket-23295.htm | Terrys Supermarket"|2||
"http://supermarketpage.com/supermarkets/Thriftway-3351.htm | Thriftway"|23|CA, FL, GA, IA, KS, ME, MN, MO, NM, NY, OH, PA, TX, VA|
"http://supermarketpage.com/supermarkets/Times-Super-Market-18217.htm | Times Super Market"|15|HI|
"http://supermarketpage.com/supermarkets/Tops-Friendly-Markets-8119.htm | Tops Friendly Markets"|33|NY, OH|
"http://supermarketpage.com/supermarkets/Tops-Market-14876.htm | Tops Market"|32|NY|
"http://supermarketpage.com/supermarkets/Town-Country-7552.htm | Town & Country"|40|AR, GA, KS, KY, MI, MO, MT, VA, WI|
"http://supermarketpage.com/supermarkets/Trade-Fair-15458.htm | Trade Fair"|12|NY|
"http://supermarketpage.com/supermarkets/Trader-Joes-12346.htm | Trader Joe's"|39|CA, CT, MA, MI, MO, NV, NY, OH|
"http://supermarketpage.com/supermarkets/Tradewinds-Marketplace-9121.htm | Tradewinds Marketplace"|3|ME|
"http://supermarketpage.com/supermarkets/Tropical-Supermarket-3663.htm | Tropical Supermarket"|11|FL, MD|
"http://supermarketpage.com/supermarkets/Turkey-Hill-Mini-Market-22166.htm | Turkey Hill Mini Market"|184|PA|
"http://supermarketpage.com/supermarkets/Twin-City-Foods-9389.htm | Twin City Foods"|16|ID, MI, NJ, WA|
"http://supermarketpage.com/supermarkets/U-Save-Super-Markets-20246.htm | U Save Super Markets"|8|FL|
"http://supermarketpage.com/supermarkets/Ukrops-Super-Market-17967.htm | Ukrops Super Market"|36|TX, VA|
"http://supermarketpage.com/supermarkets/Ultra-Foods-18661.htm | Ultra Food's"|1|IL|
"http://supermarketpage.com/supermarkets/Ultra-Foods-2298.htm | Ultra Foods"|11|IN|
"http://supermarketpage.com/supermarkets/United-Supermarket-23202.htm | United Supermarket"|75|IL, OK, TX|
"http://supermarketpage.com/supermarkets/Vallarta-Supermarket-9850.htm | Vallarta Supermarket"|26|CA, MI|
"http://supermarketpage.com/supermarkets/Vons-20406.htm | Vons"|255|CA, MD, MI, NV, NY, SC, TN|
"http://supermarketpage.com/supermarkets/Wal-Mart-Supercenter-4528.htm | Wal-Mart Supercenter"|2592|AK, AL, AR, AZ, CA, CO, CT, DE, FL, GA, HI, IA, ID, IL, IN, KS, KY, LA, MA, MD, ME, MI, MN, MO, MS, MT, NC, ND, NE, NH, NJ, NM, NV, NY, OH, OK, OR, PA, RI, SC, SD, TN, TX, UT, VA, WA, WI, WV, WY|
"http://supermarketpage.com/supermarkets/Waldbaums-23399.htm | Waldbaums"|69|NY|
"http://supermarketpage.com/supermarkets/Wawa-Food-Markets-17968.htm | Wawa Food Markets"|529|DE, MD, NJ, PA, VA|
"http://supermarketpage.com/supermarkets/Wayfield-Foods-16967.htm | Wayfield Foods"|14|GA|
"http://supermarketpage.com/supermarkets/Wegmans-13917.htm | Wegmans"|93|MD, NJ, NY, PA, VA|
"http://supermarketpage.com/supermarkets/Weis-Markets-4206.htm | Weis Markets"|105|CA, CT, MD, NJ, PA, VA, WV|
"http://supermarketpage.com/supermarkets/Wesselmans-Supermarket-18329.htm | Wesselmans Supermarket"|11|IN|
"http://supermarketpage.com/supermarkets/Western-Supermarket-10004.htm | Western Supermarket"|14|AL, IL, IN, NY|
"http://supermarketpage.com/supermarkets/Westfarm-Foods-1282.htm | Westfarm Foods"|6|CA, ID, OR, WA|
"http://supermarketpage.com/supermarkets/White-Hen-Pantry-11488.htm | White Hen Pantry"|14|MA, NH|
"http://supermarketpage.com/supermarkets/White-Market-17647.htm | White Market"|5|VT|
"http://supermarketpage.com/supermarkets/Whites-Fresh-Foods-3339.htm | Whites Fresh Foods"|13|TN, VA|
"http://supermarketpage.com/supermarkets/Whole-Foods-Market-4507.htm | Whole Foods Market"|68|AZ, CA, CO, CT, FL, GA, IL, IN, KS, MA, MD, MI, MN, NC, NV, NY, OH, OK, OR, PA, TX, VA, WA, WY|
"http://supermarketpage.com/supermarkets/Winco-12416.htm | Winco"|14|CA, OR|
"http://supermarketpage.com/supermarkets/Winn-Dixie-17905.htm | Winn Dixie"|608|AL, FL, GA, KY, LA, MS, NC, OK, SC, TN, TX, VA|
